clause_id_final,pred_sentiment,pred_sentiment_raw,confidence
1.28_c1,NEU,NEU,0.7765
1.28_c2,NEU,NEU,0.9929
1.28_c4,POS,POS,0.9997
1.28_c5,POS,POS,0.9996
1.28_c6,POS,POS,0.9997
1.28_c7,POS,POS,0.9975
1.28_c9,POS,POS,0.999
1.28_c11,POS,POS,0.9994
1.47_c1,NEU,NEU,0.994
1.47_c2,NEU,NEU,0.5216
1.47_c4,POS,POS,0.9994
1.47_c5,POS,POS,0.9997
1.47_c7,NEG,NEG,0.9984
1.47_c9,POS,POS,0.9997
1.47_c10,POS,POS,0.9982
1.8_c1,POS,POS,0.8707
1.8_c3,POS,POS,0.9997
1.8_c4,POS,POS,0.9996
1.8_c5,POS,POS,0.9907
1.8_c7,POS,POS,0.9996
1.8_c8,POS,POS,0.999
1.8_c9,POS,POS,0.9997
1.71_c1,POS,POS,0.9996
1.71_c2,POS,POS,0.9984
1.71_c3,POS,POS,0.9995
1.71_c4,POS,POS,0.9996
1.82_c2,POS,POS,0.9958
1.82_c3,POS,POS,0.9998
1.82_c4,POS,POS,0.9996
1.82_c5,POS,POS,0.9996
1.82_c6,POS,POS,0.9989
1.82_c7,POS,POS,0.9997
1.86_c1,NEU,NEU,0.9929
1.86_c2,NEU,NEU,0.9739
1.86_c3,POS,POS,0.9997
1.86_c4,POS,POS,0.999
1.86_c6,POS,POS,0.9987
1.86_c7,POS,POS,0.9996
10.129_c1,NEU,NEU,0.9966
103.115_c1,POS,POS,0.9948
103.115_c2,POS,POS,0.9994
104.152_c1,POS,POS,0.9994
104.152_c2,NEU,NEU,0.6198
104.152_c3,POS,POS,0.9997
104.253_c1,POS,POS,0.9995
105.1047_c1,POS,POS,0.9976
105.1047_c2,POS,POS,0.9995
105.1083_c1,POS,POS,0.9829
105.629_c1,POS,POS,0.9983
105.629_c3,POS,POS,0.9988
11.975_c1,POS,POS,0.9997
11.975_c3,NEG,NEG,0.9857
11.975_c4,POS,POS,0.9983
11.975_c5,NEG,NEG,0.9823
11.975_c8,POS,POS,0.7862
11.975_c9,POS,POS,0.9987
114.3_c1,POS,POS,0.9938
114.3_c2,POS,POS,0.9981
114.42_c1,POS,POS,0.9997
114.42_c2,POS,POS,0.9991
114.42_c3,POS,POS,0.9964
114.42_c4,POS,POS,0.9994
114.42_c5,POS,POS,0.9982
114.42_c9,NEU,NEU,0.9956
114.42_c10,POS,POS,0.9914
114.42_c11,POS,POS,0.9996
114.42_c12,POS,POS,0.9997
12.1018_c1,POS,POS,0.9626
12.1297_c2,POS,POS,0.9985
12.1297_c6,POS,POS,0.9639
12.1297_c7,POS,POS,0.9993
12.1297_c8,NEG,NEG,0.9989
12.1297_c9,POS,POS,0.9996
12.1297_c10,NEU,NEU,0.6439
12.157_c2,POS,POS,0.9997
12.616_c1,POS,POS,0.9997
12.8_c3,POS,POS,0.9996
12.8_c4,NEU,NEU,0.7494
12.8_c5,POS,POS,0.9991
12.8_c6,POS,POS,0.9997
12.8_c9,POS,POS,0.9997
12.8_c10,POS,POS,0.9853
12.8_c11,POS,POS,0.6549
12.8_c12,POS,POS,0.9984
12.8_c13,NEU,NEU,0.8264
12.8_c15,NEG,NEG,0.9799
12.828_c2,POS,POS,0.994
13.7_c1,POS,POS,0.9805
13.7_c2,POS,POS,0.9925
13.7_c6,POS,POS,0.9997
13.7_c7,POS,POS,0.9996
14.1018_c1,POS,POS,0.9626
14.1297_c2,POS,POS,0.9985
14.1297_c6,POS,POS,0.9639
14.1297_c7,POS,POS,0.9993
14.1297_c8,NEG,NEG,0.9989
14.1297_c9,POS,POS,0.9996
14.1297_c10,NEU,NEU,0.6439
14.157_c2,POS,POS,0.9997
14.7_c1,POS,POS,0.9997
14.7_c2,NEU,NEU,0.9996
14.7_c3,POS,POS,0.9177
14.7_c4,POS,POS,0.9961
14.7_c5,POS,POS,0.9987
14.7_c6,POS,POS,0.9997
14.616_c1,POS,POS,0.9997
14.635_c2,POS,POS,0.9882
14.635_c3,POS,POS,0.999
14.635_c4,NEU,NEU,0.5359
14.635_c5,NEU,NEU,0.6501
14.635_c6,NEU,NEU,0.9997
14.635_c7,NEG,NEG,0.9533
14.635_c8,POS,POS,0.999
14.701_c2,POS,POS,0.9996
14.701_c3,POS,POS,0.9997
14.8_c2,POS,POS,0.9996
14.8_c3,POS,POS,0.9992
14.8_c4,POS,POS,0.9996
14.8_c5,POS,POS,0.9996
14.8_c6,POS,POS,0.9978
14.8_c7,POS,POS,0.9984
14.8_c8,NEU,NEU,0.8264
14.8_c10,NEU,NEU,0.939
14.792_c1,POS,POS,0.9991
14.828_c2,POS,POS,0.994
14.849_c2,NEU,NEU,0.9984
16.114_c1,POS,POS,0.9982
18.32_c1,POS,POS,0.9958
18.469_c2,POS,POS,0.9993
18.469_c3,NEG,NEG,0.9968
18.469_c4,POS,POS,0.9688
18.469_c5,NEU,NEU,0.8659
18.469_c7,NEG,NEG,0.9992
18.494_c1,POS,POS,0.9971
18.636_c1,POS,POS,0.9906
18.644_c1,POS,POS,0.9966
18.646_c1,NEU,NEU,0.9982
19.21_c2,POS,POS,0.9957
2.121_c1,POS,POS,0.9994
2.121_c2,POS,POS,0.9995
2.121_c3,POS,POS,0.7303
2.164_c2,POS,POS,0.9995
2.46_c2,NEU,NEU,0.9973
2.616_c1,POS,POS,0.9673
20.1265_c1,POS,POS,0.9925
20.1776_c1,POS,POS,0.9996
20.1776_c2,POS,POS,0.9988
20.1007_c1,POS,POS,0.9997
20.1007_c2,NEU,NEU,0.5944
20.1007_c3,POS,POS,0.9729
21.13_c1,POS,POS,0.9989
21.13_c2,POS,POS,0.9997
21.358_c1,POS,POS,0.9997
22.11_c1,POS,POS,0.9952
24.2289_c1,POS,POS,0.9991
24.2289_c2,POS,POS,0.9988
24.2289_c3,POS,POS,0.9889
24.2874_c1,POS,POS,0.9991
24.2874_c2,POS,POS,0.9997
24.2874_c3,POS,POS,0.9997
118.96_c2,NEG,NEG,0.9994
27.1162_c1,POS,POS,0.9994
27.452_c2,POS,POS,0.9994
27.78_c1,NEG,NEG,0.9761
27.78_c2,NEG,NEG,0.9991
27.78_c3,POS,POS,0.838
27.78_c4,POS,POS,0.6131
27.78_c6,NEG,NEG,0.9961
27.78_c7,NEU,NEU,0.7061
27.78_c9,POS,POS,0.9973
28.1548_c1,POS,POS,0.9997
28.1858_c1,POS,POS,0.9994
28.1918_c1,POS,POS,0.9996
28.1928_c1,NEG,NEG,0.9836
28.1928_c2,NEG,NEG,0.9988
28.1928_c4,POS,POS,0.992
28.1928_c5,POS,POS,0.9803
28.2303_c1,POS,POS,0.9996
28.2921_c1,NEU,NEU,0.5334
28.2959_c1,POS,POS,0.9996
28.2959_c2,NEU,NEU,0.9366
28.45_c1,POS,POS,0.9996
28.45_c2,POS,POS,0.9996
28.45_c3,POS,POS,0.9993
34.27_c1,POS,POS,0.9886
34.271_c1,POS,POS,0.9997
34.416_c1,POS,POS,0.9996
35.749_c2,NEU,NEU,0.9935
36.162_c1,POS,POS,0.9729
36.184_c1,POS,POS,0.9996
37.13_c2,POS,POS,0.9986
37.13_c3,POS,POS,0.992
37.13_c4,POS,POS,0.9983
37.13_c5,POS,POS,0.9436
37.13_c6,NEU,NEU,0.9992
37.13_c7,NEU,NEU,0.5346
37.13_c8,POS,POS,0.948
4.244_c1,POS,POS,0.9996
4.244_c2,POS,POS,0.999
4.67_c1,NEG,NEG,0.6005
41.28_c1,POS,POS,0.9982
41.28_c2,POS,POS,0.9995
41.28_c3,POS,POS,0.9994
41.28_c4,POS,POS,0.9997
41.28_c5,POS,POS,0.9866
41.28_c6,POS,POS,0.9995
41.28_c7,POS,POS,0.9983
43.17_c2,POS,POS,0.8625
43.17_c3,NEG,NEG,0.6294
43.17_c4,POS,POS,0.9482
43.17_c7,POS,POS,0.9797
43.17_c8,POS,POS,0.999
43.219_c1,NEG,NEG,0.9976
43.219_c3,NEG,NEG,0.78
43.219_c4,NEG,NEG,0.9984
43.219_c5,NEG,NEG,0.9982
43.219_c6,NEG,NEG,0.9709
43.219_c7,NEG,NEG,0.987
43.239_c1,POS,POS,0.9941
43.29_c1,POS,POS,0.9996
43.29_c2,POS,POS,0.9985
43.29_c3,POS,POS,0.9997
43.29_c4,POS,POS,0.9993
43.29_c5,POS,POS,0.9994
43.29_c6,POS,POS,0.9992
43.335_c1,POS,POS,0.9672
43.335_c2,POS,POS,0.9998
43.335_c4,POS,POS,0.9997
43.335_c5,POS,POS,0.9997
43.335_c6,POS,POS,0.9996
43.335_c8,POS,POS,0.9998
43.335_c13,POS,POS,0.9995
45.2852_c1,POS,POS,0.999
45.2852_c2,NEG,NEG,0.8464
45.2852_c3,POS,POS,0.9734
45.2852_c8,NEG,NEG,0.7269
45.2852_c9,NEG,NEG,0.9974
45.2852_c10,NEG,NEG,0.9966
45.3_c1,POS,POS,0.9925
45.3_c2,POS,POS,0.985
45.3_c4,POS,POS,0.9994
45.3_c5,POS,POS,0.9996
45.3_c7,POS,POS,0.9983
45.38_c1,POS,POS,0.9904
45.38_c2,POS,POS,0.9943
45.38_c3,POS,POS,0.99
45.38_c5,POS,POS,0.956
45.38_c6,NEG,NEG,0.9985
47.201_c1,NEG,NEG,0.9197
47.216_c1,POS,POS,0.8619
47.2236_c1,POS,POS,0.9982
47.2245_c1,NEU,NEU,0.9994
47.2245_c2,POS,POS,0.9848
47.34_c1,POS,POS,0.9981
47.34_c2,POS,POS,0.8707
47.34_c7,NEG,NEG,0.9971
47.34_c8,POS,POS,0.9903
47.34_c9,NEU,NEU,0.8844
47.34_c13,POS,POS,0.9998
47.35_c2,POS,POS,0.9997
47.35_c4,NEU,NEU,0.9995
47.35_c5,NEU,NEU,0.9981
47.35_c6,POS,POS,0.9818
47.381_c1,POS,POS,0.9413
47.381_c2,POS,POS,0.577
47.381_c3,NEU,NEU,0.9591
47.381_c4,POS,POS,0.9995
47.381_c7,POS,POS,0.988
47.381_c9,POS,POS,0.9971
47.41_c1,POS,POS,0.9853
47.41_c2,POS,POS,0.998
47.41_c4,NEG,NEG,0.9981
47.41_c5,NEU,NEU,0.8876
47.41_c8,NEG,NEG,0.8531
47.41_c9,POS,POS,0.9977
47.41_c11,POS,POS,0.9997
47.596_c1,POS,POS,0.9996
47.596_c2,POS,POS,0.9992
47.596_c3,POS,POS,0.9963
47.596_c4,POS,POS,0.8629
47.596_c6,NEU,NEU,0.8708
47.596_c7,NEU,NEU,0.9802
47.596_c8,NEG,NEG,0.9991
5.78_c1,POS,POS,0.9995
5.78_c2,POS,POS,0.9996
53.58_c1,NEG,NEG,0.9995
53.58_c2,NEG,NEG,0.998
53.58_c3,NEG,NEG,0.9981
53.58_c4,NEG,NEG,0.9994
53.58_c5,NEG,NEG,0.9993
53.58_c6,NEG,NEG,0.9755
53.58_c7,NEG,NEG,0.7002
53.58_c8,NEG,NEG,0.9952
53.64_c1,NEG,NEG,0.7727
53.64_c2,POS,POS,0.9997
53.64_c4,POS,POS,0.9997
53.64_c6,POS,POS,0.9935
53.64_c7,NEG,NEG,0.9868
53.64_c8,POS,POS,0.992
53.64_c11,POS,POS,0.926
54.1288_c1,POS,POS,0.9994
54.1288_c2,POS,POS,0.9928
54.1288_c3,POS,POS,0.9996
54.1313_c1,POS,POS,0.9881
54.333_c1,POS,POS,0.999
54.333_c2,NEG,NEG,0.9929
54.333_c4,POS,POS,0.9885
54.333_c5,POS,POS,0.999
54.333_c6,NEG,NEG,0.9695
54.333_c7,NEG,NEG,0.6241
54.333_c8,POS,POS,0.9976
54.41_c1,POS,POS,0.9997
54.41_c3,POS,POS,0.9988
54.729_c1,POS,POS,0.5471
54.729_c2,POS,POS,0.9996
55.4_c1,POS,POS,0.9989
55.4_c2,POS,POS,0.9998
55.4_c3,POS,POS,0.9996
56.106_c1,NEU,NEU,0.994
56.106_c2,POS,POS,0.8798
56.106_c3,POS,POS,0.9339
56.106_c4,POS,POS,0.9938
56.106_c5,POS,POS,0.992
56.106_c7,POS,POS,0.9997
56.106_c8,NEU,NEU,0.9812
56.106_c9,POS,POS,0.9953
56.106_c11,POS,POS,0.9995
56.106_c12,POS,POS,0.6124
56.131_c1,POS,POS,0.9996
56.131_c2,POS,POS,0.9997
56.131_c3,POS,POS,0.5121
56.131_c4,POS,POS,0.9995
56.131_c5,POS,POS,0.9997
56.131_c6,POS,POS,0.9997
56.1676_c1,NEU,NEU,0.9047
56.1676_c2,NEG,NEG,0.9988
56.1676_c3,NEG,NEG,0.9991
56.1676_c4,NEG,NEG,0.9985
56.1676_c5,NEG,NEG,0.9988
56.1712_c1,POS,POS,0.6086
56.1712_c2,POS,POS,0.9312
56.1795_c2,NEU,NEU,0.9993
56.1795_c3,NEU,NEU,0.8761
56.1801_c2,NEU,NEU,0.999
56.1801_c3,POS,POS,0.9939
56.21_c2,POS,POS,0.9997
56.21_c4,POS,POS,0.9885
56.21_c5,POS,POS,0.9992
56.21_c6,POS,POS,0.9991
56.21_c7,POS,POS,0.9996
56.2122_c1,NEU,NEU,0.9987
56.2122_c2,NEU,NEU,0.9987
56.738_c3,POS,POS,0.9995
56.738_c4,POS,POS,0.9996
59.271_c1,POS,POS,0.9822
59.271_c2,NEU,NEU,0.9285
59.506_c1,POS,POS,0.9991
6.1163_c1,POS,POS,0.9989
6.1163_c2,POS,POS,0.999
6.1531_c1,POS,POS,0.9995
6.1571_c1,POS,POS,0.9995
6.1582_c1,POS,POS,0.9993
6.1931_c1,NEU,NEU,0.943
6.1931_c2,NEU,NEU,0.9837
6.26_c2,POS,POS,0.8707
6.26_c3,POS,POS,0.9994
6.26_c4,POS,POS,0.9997
6.26_c5,POS,POS,0.9997
6.26_c6,POS,POS,0.9994
6.26_c8,NEU,NEU,0.9951
6.523_c2,POS,POS,0.9998
6.831_c1,POS,POS,0.781
6.831_c2,POS,POS,0.9985
60.39_c2,POS,POS,0.999
62.1022_c1,POS,POS,0.9997
62.1022_c2,POS,POS,0.9992
62.1169_c1,NEU,NEU,0.7879
62.1169_c2,NEU,NEU,0.8083
62.591_c1,NEG,NEG,0.8973
62.591_c2,POS,POS,0.9964
62.591_c3,POS,POS,0.9996
62.842_c1,POS,POS,0.9995
62.981_c1,POS,POS,0.9976
62.981_c2,POS,POS,0.9982
62.981_c3,POS,POS,0.6326
63.1524_c1,POS,POS,0.9994
63.473_c2,NEU,NEU,0.9993
63.473_c4,NEU,NEU,0.9173
64.1194_c1,NEU,NEU,0.9992
64.1194_c2,NEU,NEU,0.9966
64.1194_c5,NEU,NEU,0.9916
64.1194_c8,NEG,NEG,0.9993
64.1194_c9,NEG,NEG,0.9992
64.1194_c10,NEG,NEG,0.9938
64.1194_c16,NEG,NEG,0.9956
64.155_c1,POS,POS,0.9704
64.439_c2,NEG,NEG,0.6156
64.439_c3,NEG,NEG,0.9957
64.439_c4,NEU,NEU,0.9963
64.439_c6,POS,POS,0.998
64.439_c7,POS,POS,0.9946
65.787_c1,NEU,NEU,0.9901
65.787_c2,POS,POS,0.9996
67.1058_c1,NEG,NEG,0.9942
67.1058_c2,POS,POS,0.8828
67.1058_c3,POS,POS,0.9098
67.1369_c2,POS,POS,0.9992
67.1369_c3,POS,POS,0.9997
67.1369_c4,POS,POS,0.9937
67.1575_c1,POS,POS,0.9988
67.1575_c2,POS,POS,0.9985
67.1615_c1,NEG,NEG,0.9905
67.1615_c2,NEU,NEU,0.9765
67.183_c1,POS,POS,0.9996
67.183_c2,POS,POS,0.9996
67.2059_c1,POS,POS,0.9985
67.2059_c2,POS,POS,0.9994
67.2528_c1,NEG,NEG,0.9934
67.2529_c1,POS,POS,0.9986
67.2575_c1,POS,POS,0.9997
67.2575_c2,POS,POS,0.9997
67.2677_c1,POS,POS,0.8636
68.841_c1,NEG,NEG,0.9995
68.841_c2,NEG,NEG,0.9987
68.841_c3,NEG,NEG,0.9995
68.841_c4,NEU,NEU,0.882
68.841_c5,NEG,NEG,0.9992
68.841_c6,NEG,NEG,0.7344
69.1181_c2,POS,POS,0.9997
69.1181_c3,POS,POS,0.9994
69.1181_c4,POS,POS,0.999
69.1181_c5,POS,POS,0.9993
69.141_c1,POS,POS,0.9983
69.141_c3,NEG,NEG,0.9989
69.141_c5,NEG,NEG,0.995
69.141_c6,NEU,NEU,0.995
69.141_c7,NEG,NEG,0.9889
69.141_c8,NEG,NEG,0.8922
69.141_c9,NEU,NEU,0.6088
69.141_c10,NEG,NEG,0.9956
69.141_c12,NEG,NEG,0.9996
69.17_c1,POS,POS,0.9992
69.17_c2,POS,POS,0.9996
69.17_c3,POS,POS,0.9956
69.17_c4,POS,POS,0.9997
69.17_c5,POS,POS,0.9996
69.17_c6,POS,POS,0.9996
69.17_c7,POS,POS,0.9989
69.17_c8,POS,POS,0.9994
69.17_c9,POS,POS,0.9808
69.1764_c1,POS,POS,0.9998
69.1764_c2,POS,POS,0.9998
69.2205_c1,POS,POS,0.9517
69.2205_c2,POS,POS,0.9983
69.2205_c3,POS,POS,0.7895
69.2721_c2,NEU,NEU,0.9716
69.2848_c2,POS,POS,0.9996
69.599_c2,POS,POS,0.9996
69.599_c3,POS,POS,0.9956
69.599_c4,POS,POS,0.9997
69.599_c5,POS,POS,0.9996
69.599_c6,POS,POS,0.9997
69.599_c7,POS,POS,0.9996
69.657_c1,NEU,NEU,0.9125
69.657_c2,NEU,NEU,0.9993
69.657_c3,NEU,NEU,0.9993
69.87_c1,POS,POS,0.8707
69.87_c3,POS,POS,0.9985
69.87_c4,POS,POS,0.9995
69.87_c5,NEU,NEU,0.7573
69.87_c6,POS,POS,0.9986
69.87_c7,POS,POS,0.9885
69.87_c8,POS,POS,0.9997
69.87_c9,POS,POS,0.9997
69.87_c10,POS,POS,0.9993
70.1007_c1,POS,POS,0.9994
70.1007_c2,POS,POS,0.9996
70.1013_c1,NEU,NEU,0.9923
70.1013_c2,POS,POS,0.9886
70.1045_c2,NEU,NEU,0.8059
70.1236_c1,POS,POS,0.9979
70.1236_c2,POS,POS,0.9998
70.128_c1,NEU,NEU,0.9772
70.128_c2,POS,POS,0.9981
70.2_c1,POS,POS,0.999
70.2_c2,NEG,NEG,0.9024
70.243_c1,POS,POS,0.9995
70.2432_c1,POS,POS,0.9677
70.247_c1,POS,POS,0.8929
70.88_c1,POS,POS,0.9971
70.88_c2,POS,POS,0.9994
70.88_c3,POS,POS,0.9997
70.88_c4,POS,POS,0.9283
70.88_c6,POS,POS,0.994
70.88_c7,POS,POS,0.9996
70.88_c8,POS,POS,0.992
70.88_c10,POS,POS,0.9998
71.1089_c1,POS,POS,0.9997
71.1439_c2,POS,POS,0.9996
71.1573_c1,POS,POS,0.9996
71.1573_c2,POS,POS,0.9996
72.34_c1,POS,POS,0.8707
72.34_c2,NEG,NEG,0.5264
72.34_c3,POS,POS,0.9996
72.34_c4,POS,POS,0.9994
72.34_c5,POS,POS,0.9996
72.34_c6,POS,POS,0.9997
72.34_c7,POS,POS,0.9995
72.34_c9,POS,POS,0.9996
72.34_c10,POS,POS,0.9997
72.39_c1,POS,POS,0.999
72.529_c1,NEU,NEU,0.7537
72.529_c2,NEU,NEU,0.9778
72.529_c3,POS,POS,0.9989
72.529_c5,POS,POS,0.9994
72.529_c6,NEU,NEU,0.5473
72.529_c7,POS,POS,0.9992
72.529_c8,POS,POS,0.9995
72.72_c1,POS,POS,0.9997
72.72_c2,POS,POS,0.9998
72.72_c3,NEU,NEU,0.9995
72.72_c4,POS,POS,0.9374
72.72_c5,NEG,NEG,0.9966
72.72_c6,POS,POS,0.9995
72.72_c7,POS,POS,0.8222
72.72_c8,POS,POS,0.9995
72.72_c9,POS,POS,0.9996
72.763_c2,POS,POS,0.999
73.1014_c1,POS,POS,0.9835
73.277_c2,NEU,NEU,0.5985
73.444_c1,POS,POS,0.9997
73.444_c2,POS,POS,0.9997
73.543_c1,POS,POS,0.9997
73.543_c2,POS,POS,0.999
73.543_c3,POS,POS,0.9989
73.7_c3,POS,POS,0.9996
73.7_c4,POS,POS,0.9986
73.747_c1,POS,POS,0.9971
73.789_c1,POS,POS,0.9934
73.1003_c1,POS,POS,0.9998
74.1274_c1,POS,POS,0.9987
74.1274_c2,POS,POS,0.9998
74.1274_c3,POS,POS,0.9979
74.1274_c4,POS,POS,0.9996
74.1386_c1,POS,POS,0.7621
74.1386_c2,POS,POS,0.9391
74.1386_c3,NEU,NEU,0.5214
74.1543_c3,POS,POS,0.9997
74.1563_c1,POS,POS,0.991
74.1563_c2,POS,POS,0.9991
74.2188_c1,POS,POS,0.9997
74.2338_c1,POS,POS,0.9997
74.2385_c2,POS,POS,0.9937
74.2389_c1,POS,POS,0.6368
74.2389_c2,NEU,NEU,0.6979
74.2525_c1,POS,POS,0.9997
74.2576_c1,POS,POS,0.9995
74.2576_c2,POS,POS,0.9996
74.2576_c3,POS,POS,0.7445
74.2717_c1,POS,POS,0.9995
74.2717_c2,POS,POS,0.9942
74.2717_c3,POS,POS,0.9997
74.279_c1,NEU,NEU,0.9658
74.279_c3,POS,POS,0.7646
74.279_c8,POS,POS,0.9917
74.279_c9,NEU,NEU,0.9937
75.443_c2,NEG,NEG,0.9982
75.443_c3,NEG,NEG,0.8004
75.443_c4,NEG,NEG,0.9993
75.443_c8,POS,POS,0.9703
75.458_c1,NEG,NEG,0.9989
75.458_c2,NEG,NEG,0.8872
75.458_c4,NEU,NEU,0.8856
75.48_c1,NEU,NEU,0.9777
75.48_c2,POS,POS,0.9995
75.48_c4,POS,POS,0.9963
76.32_c1,POS,POS,0.9849
76.32_c2,POS,POS,0.9979
76.32_c3,POS,POS,0.9954
78.1257_c2,NEG,NEG,0.9996
78.1257_c3,POS,POS,0.9915
78.1257_c4,POS,POS,0.9996
78.1257_c5,NEG,NEG,0.9949
78.1257_c6,NEG,NEG,0.6129
78.1257_c7,NEG,NEG,0.5976
78.1257_c8,NEG,NEG,0.997
78.162_c1,POS,POS,0.9995
78.162_c2,NEU,NEU,0.9854
78.162_c3,NEU,NEU,0.9597
78.162_c4,POS,POS,0.9976
78.162_c5,POS,POS,0.9994
78.199_c3,NEG,NEG,0.7858
78.22_c2,POS,POS,0.9991
78.22_c3,POS,POS,0.9992
78.241_c2,POS,POS,0.9975
78.241_c4,POS,POS,0.9496
78.26_c2,POS,POS,0.9995
78.26_c3,POS,POS,0.9997
78.26_c4,NEG,NEG,0.9984
78.26_c6,NEU,NEU,0.9749
78.26_c8,POS,POS,0.9975
78.26_c9,POS,POS,0.9443
78.268_c2,NEU,NEU,0.765
78.376_c1,POS,POS,0.9976
78.376_c2,NEG,NEG,0.7718
78.46_c1,POS,POS,0.989
78.46_c2,POS,POS,0.9986
78.46_c3,POS,POS,0.9997
78.46_c5,POS,POS,0.9994
78.46_c6,POS,POS,0.9983
78.465_c1,POS,POS,0.9954
78.51_c2,POS,POS,0.9997
78.51_c3,POS,POS,0.9994
78.51_c4,POS,POS,0.9955
78.51_c5,POS,POS,0.9997
78.51_c6,POS,POS,0.9994
78.51_c7,POS,POS,0.9997
78.552_c1,NEU,NEU,0.957
78.552_c2,POS,POS,0.9018
78.585_c1,POS,POS,0.9996
78.677_c1,POS,POS,0.9818
78.677_c2,NEU,NEU,0.9886
78.677_c4,POS,POS,0.7508
78.682_c2,POS,POS,0.7694
78.697_c1,POS,POS,0.9587
78.697_c2,POS,POS,0.9996
78.702_c1,POS,POS,0.9995
78.76_c1,POS,POS,0.9991
78.76_c3,POS,POS,0.9988
78.76_c4,NEG,NEG,0.9026
78.76_c5,NEU,NEU,0.5376
78.76_c6,POS,POS,0.9925
78.76_c7,NEG,NEG,0.59
78.812_c2,POS,POS,0.9994
78.812_c3,POS,POS,0.9993
78.888_c1,POS,POS,0.9982
78.888_c2,POS,POS,0.994
78.914_c1,NEG,NEG,0.6422
78.914_c2,POS,POS,0.8239
78.1_c3,POS,POS,0.9997
78.1_c4,POS,POS,0.9643
78.1_c5,POS,POS,0.9989
78.1_c6,NEG,NEG,0.6144
78.1_c8,NEG,NEG,0.831
78.1_c9,POS,POS,0.9948
78.1_c10,POS,POS,0.9996
78.1_c11,POS,POS,0.9997
78.925_c2,POS,POS,0.9936
78.969_c1,POS,POS,0.9989
8.17_c1,POS,POS,0.9991
8.17_c2,POS,POS,0.9626
8.17_c3,POS,POS,0.9993
8.17_c4,POS,POS,0.9989
8.17_c5,POS,POS,0.9975
8.17_c6,POS,POS,0.9846
8.17_c7,NEG,NEG,0.5846
8.17_c8,POS,POS,0.9996
8.17_c9,POS,POS,0.9545
81.127_c1,POS,POS,0.9996
81.127_c2,POS,POS,0.9981
81.127_c3,POS,POS,0.9994
81.203_c1,POS,POS,0.9975
82.3_c1,POS,POS,0.9991
82.3_c2,POS,POS,0.9238
82.3_c3,POS,POS,0.9997
82.3_c4,NEU,NEU,0.9993
82.3_c5,POS,POS,0.999
82.3_c6,POS,POS,0.9712
82.3_c7,NEG,NEG,0.7593
82.3_c8,POS,POS,0.746
82.3_c9,NEG,NEG,0.9859
82.3_c10,NEG,NEG,0.9971
85.1267_c1,POS,POS,0.9997
85.244_c1,POS,POS,0.9996
85.577_c1,POS,POS,0.9996
85.577_c2,POS,POS,0.9997
85.929_c2,POS,POS,0.9076
86.203_c1,POS,POS,0.999
86.203_c2,POS,POS,0.9992
86.225_c1,NEU,NEU,0.9605
87.511_c2,POS,POS,0.9932
87.511_c3,NEG,NEG,0.8004
87.511_c5,POS,POS,0.9211
87.511_c6,NEG,NEG,0.9992
87.511_c7,NEG,NEG,0.949
87.94_c1,POS,POS,0.9952
88.1693_c1,POS,POS,0.9998
88.1715_c1,POS,POS,0.9983
88.1721_c2,POS,POS,0.9941
88.2248_c1,POS,POS,0.9984
88.2248_c2,POS,POS,0.9982
88.2248_c3,NEG,NEG,0.9953
88.2248_c4,NEG,NEG,0.9941
88.249_c1,POS,POS,0.5054
88.249_c2,POS,POS,0.9996
88.249_c3,POS,POS,0.9997
88.2503_c1,POS,POS,0.9997
88.2503_c2,POS,POS,0.9724
88.2503_c3,POS,POS,0.9997
92.17_c2,POS,POS,0.9996
92.17_c3,POS,POS,0.9996
94.1027_c1,POS,POS,0.9971
94.1027_c2,POS,POS,0.9994
94.1178_c2,POS,POS,0.9996
94.1182_c2,POS,POS,0.9992
94.1182_c3,POS,POS,0.9991
94.1576_c1,POS,POS,0.9993
94.1576_c2,POS,POS,0.5403
94.1576_c5,POS,POS,0.9994
94.1576_c6,POS,POS,0.9991
94.1576_c7,POS,POS,0.9991
94.1576_c8,POS,POS,0.9997
94.1661_c2,POS,POS,0.9351
94.1661_c3,POS,POS,0.9991
94.1798_c1,NEU,NEU,0.5334
95.102_c1,NEG,NEG,0.9953
95.102_c2,POS,POS,0.9815
95.1188_c1,POS,POS,0.9997
95.312_c1,POS,POS,0.8448
95.312_c2,POS,POS,0.9842
95.312_c3,POS,POS,0.9983
95.312_c4,POS,POS,0.9997
95.787_c1,POS,POS,0.9997
99.373_c1,POS,POS,0.9983
99.373_c2,POS,POS,0.9995
99.373_c3,POS,POS,0.9993
99.373_c4,POS,POS,0.9997
99.373_c5,POS,POS,0.9996
99.373_c6,POS,POS,0.9994
99.373_c8,POS,POS,0.9997
99.456_c1,POS,POS,0.9569
24.2421_c1,POS,POS,0.9195
24.263_c1,POS,POS,0.9195
24.263_c2,POS,POS,0.9195
24.263_c3,POS,POS,0.9195
24.263_c4,POS,POS,0.9195
24.263_c5,POS,POS,0.9195
24.263_c6,POS,POS,0.9195
24.263_c7,POS,POS,0.9195
24.263_c8,POS,POS,0.9195
24.263_c9,POS,POS,0.9195
24.2725_c1,POS,POS,0.9195
24.274_c1,POS,POS,0.9195
24.2772_c1,POS,POS,0.9195
28.1014_c1,POS,POS,0.9195
28.1014_c2,POS,POS,0.9195
28.1014_c3,POS,POS,0.9195
28.1014_c4,POS,POS,0.9195
28.1014_c5,POS,POS,0.9195
28.1014_c6,POS,POS,0.9195
28.1014_c7,POS,POS,0.9195
28.1014_c8,POS,POS,0.9195
28.1014_c9,POS,POS,0.9195
28.1014_c10,POS,POS,0.9195
28.1079_c1,POS,POS,0.9195
28.1155_c1,POS,POS,0.9195
28.126_c1,POS,POS,0.9195
28.1276_c1,POS,POS,0.9195
28.1281_c1,POS,POS,0.9195
28.1281_c2,POS,POS,0.9195
6.1984_c1,POS,POS,0.9195
6.1987_c1,POS,POS,0.9195
6.199_c1,POS,POS,0.9195
6.199_c2,POS,POS,0.9195
6.199_c3,POS,POS,0.9195
6.199_c4,POS,POS,0.9195
6.199_c5,POS,POS,0.9195
6.199_c6,POS,POS,0.9195
6.199_c7,POS,POS,0.9195
6.199_c8,POS,POS,0.9195
6.199_c9,POS,POS,0.9195
65.13_c1,POS,POS,0.9195
65.146_c1,POS,POS,0.9195
65.1563_c1,POS,POS,0.9195
65.1564_c1,POS,POS,0.9195
65.1622_c1,POS,POS,0.9195
65.1628_c1,POS,POS,0.9195
65.1628_c2,POS,POS,0.9195
65.1628_c3,POS,POS,0.9195
65.1628_c4,POS,POS,0.9195
65.1628_c5,POS,POS,0.9195
65.1628_c6,POS,POS,0.9195
65.1628_c7,POS,POS,0.9195
65.1628_c8,POS,POS,0.9195
65.1628_c9,POS,POS,0.9195
65.1628_c10,POS,POS,0.9195
65.1628_c11,POS,POS,0.9195
65.1628_c12,POS,POS,0.9195
65.1628_c13,POS,POS,0.9195
65.1628_c14,POS,POS,0.9195
65.1694_c1,POS,POS,0.9195
65.1732_c1,POS,POS,0.9195
65.1732_c2,POS,POS,0.9195
65.1732_c3,POS,POS,0.9195
65.1732_c4,POS,POS,0.9195
65.1732_c5,POS,POS,0.9195
65.1732_c6,POS,POS,0.9195
65.1732_c7,POS,POS,0.9195
65.1732_c8,POS,POS,0.9195
65.1732_c9,POS,POS,0.9195
65.1732_c10,POS,POS,0.9195
65.1732_c11,POS,POS,0.9195
65.1778_c1,POS,POS,0.9195
65.196_c1,POS,POS,0.9195
65.196_c2,POS,POS,0.9195
65.196_c3,POS,POS,0.9195
65.196_c4,POS,POS,0.9195
65.196_c5,POS,POS,0.9195
65.196_c6,POS,POS,0.9195
65.196_c7,POS,POS,0.9195
65.196_c8,POS,POS,0.9195
65.328_c1,POS,POS,0.9195
67.2163_c1,POS,POS,0.9195
67.2166_c1,POS,POS,0.9195
67.2183_c1,POS,POS,0.9195
67.223_c1,POS,POS,0.9195
67.2275_c1,POS,POS,0.9195
67.2352_c1,POS,POS,0.9195
67.916_c1,POS,POS,0.9195
67.926_c1,POS,POS,0.9195
67.926_c2,POS,POS,0.9195
67.926_c3,POS,POS,0.9195
67.926_c4,POS,POS,0.9195
67.926_c5,POS,POS,0.9195
67.926_c6,POS,POS,0.9195
67.926_c7,POS,POS,0.9195
67.926_c8,POS,POS,0.9195
67.926_c9,POS,POS,0.9195
67.926_c10,POS,POS,0.9195
67.97_c1,POS,POS,0.9195
68.1173_c1,POS,POS,0.9195
68.1197_c1,POS,POS,0.9195
68.123_c1,POS,POS,0.9195
71.1717_c1,POS,POS,0.9195
71.1736_c1,POS,POS,0.9195
71.178_c1,POS,POS,0.9195
71.333_c1,POS,POS,0.9195
71.551_c1,POS,POS,0.9195
71.7_c1,POS,POS,0.9195
71.7_c2,POS,POS,0.9195
71.7_c3,POS,POS,0.9195
71.7_c4,POS,POS,0.9195
71.7_c5,POS,POS,0.9195
71.7_c6,POS,POS,0.9195
71.7_c7,POS,POS,0.9195
71.7_c8,POS,POS,0.9195
71.7_c9,POS,POS,0.9195
71.7_c10,POS,POS,0.9195
72.27_c1,POS,POS,0.9195
72.27_c2,POS,POS,0.9195
72.27_c3,POS,POS,0.9195
72.27_c4,POS,POS,0.9195
72.27_c5,POS,POS,0.9195
72.27_c6,POS,POS,0.9195
72.27_c7,POS,POS,0.9195
72.27_c8,POS,POS,0.9195
72.27_c9,POS,POS,0.9195
87.1018_c1,POS,POS,0.9195
14.86_c9,POS,POS,0.9195
25.254_c1,POS,POS,0.9195
43.345_c1,POS,POS,0.9195
43.345_c2,POS,POS,0.9195
43.345_c3,POS,POS,0.9195
43.345_c4,POS,POS,0.9195
43.345_c5,POS,POS,0.9195
43.345_c6,POS,POS,0.9195
43.345_c7,POS,POS,0.9195
43.345_c8,POS,POS,0.9195
43.345_c9,POS,POS,0.9195
43.345_c10,POS,POS,0.9195
43.345_c11,POS,POS,0.9195
43.345_c12,POS,POS,0.9195
43.345_c13,POS,POS,0.9195
45.1384_c1,POS,POS,0.9195
47.618_c1,POS,POS,0.9195
47.618_c2,POS,POS,0.9195
47.618_c3,POS,POS,0.9195
47.618_c4,POS,POS,0.9195
47.618_c5,POS,POS,0.9195
47.618_c6,POS,POS,0.9195
47.618_c7,POS,POS,0.9195
47.618_c8,POS,POS,0.9195
47.618_c9,POS,POS,0.9195
5.2_c1,POS,POS,0.9195
5.2_c2,POS,POS,0.9195
5.2_c3,POS,POS,0.9195
5.2_c4,POS,POS,0.9195
5.2_c5,POS,POS,0.9195
5.2_c6,POS,POS,0.9195
5.2_c7,POS,POS,0.9195
5.2_c8,POS,POS,0.9195
5.2_c9,POS,POS,0.9195
5.2_c10,POS,POS,0.9195
64.439_c8,POS,POS,0.9195
64.439_c9,POS,POS,0.9195
7.79_c10,POS,POS,0.9195
74.329_c1,POS,POS,0.9195
74.329_c2,POS,POS,0.9195
74.412_c8,POS,POS,0.9195
74.412_c9,POS,POS,0.9195
74.412_c10,POS,POS,0.9195
74.412_c11,POS,POS,0.9195
74.412_c12,POS,POS,0.9195
74.936_c1,POS,POS,0.9195
85.2_c1,POS,POS,0.9195
85.2_c2,POS,POS,0.9195
85.2_c3,POS,POS,0.9195
85.2_c4,POS,POS,0.9195
85.2_c5,POS,POS,0.9195
85.2_c6,POS,POS,0.9195
85.2_c7,POS,POS,0.9195
85.2_c8,POS,POS,0.9195
85.2_c9,POS,POS,0.9195
85.2_c10,POS,POS,0.9195
85.2_c11,POS,POS,0.9195
85.244_c2,POS,POS,0.9195
94.8_c1,POS,POS,0.9195
94.8_c2,POS,POS,0.9195
94.8_c3,POS,POS,0.9195
94.8_c4,POS,POS,0.9195
94.8_c5,POS,POS,0.9195
94.8_c6,POS,POS,0.9195
94.8_c7,POS,POS,0.9195
94.8_c8,POS,POS,0.9195
94.8_c9,POS,POS,0.9195
94.8_c10,POS,POS,0.9195
94.8_c11,POS,POS,0.9195
94.8_c12,POS,POS,0.9195
94.8_c13,POS,POS,0.9195
94.8_c14,POS,POS,0.9195
99.372_c1,POS,POS,0.9195
99.372_c2,POS,POS,0.9195
99.372_c3,POS,POS,0.9195
99.372_c4,POS,POS,0.9195
99.372_c5,POS,POS,0.9195
99.372_c6,POS,POS,0.9195
99.372_c7,POS,POS,0.9195
99.372_c8,POS,POS,0.9195
99.372_c9,POS,POS,0.9195
105.131_c1,POS,POS,0.9195
105.1316_c1,POS,POS,0.9195
105.348_c1,POS,POS,0.9195
17.78_c1,POS,POS,0.9195
25.241_c1,POS,POS,0.9195
27.961_c1,POS,POS,0.9195
28.1401_c1,POS,POS,0.9195
28.1401_c2,POS,POS,0.9195
28.1401_c3,POS,POS,0.9195
28.1522_c1,POS,POS,0.9195
28.1522_c2,POS,POS,0.9195
28.1522_c3,POS,POS,0.9195
28.1522_c4,POS,POS,0.9195
29.182_c1,POS,POS,0.9195
30.39_c1,POS,POS,0.9195
34.709_c1,POS,POS,0.9195
34.721_c1,POS,POS,0.9195
34.735_c1,POS,POS,0.9195
45.1127_c1,POS,POS,0.9195
45.1127_c2,POS,POS,0.9195
45.1127_c3,POS,POS,0.9195
45.1127_c7,POS,POS,0.9195
45.1871_c1,POS,POS,0.9195
45.1871_c2,POS,POS,0.9195
45.1871_c3,POS,POS,0.9195
45.1871_c10,POS,POS,0.9195
45.1871_c11,POS,POS,0.9195
45.1871_c12,POS,POS,0.9195
45.1871_c13,POS,POS,0.9195
47.104_c1,POS,POS,0.9195
47.104_c2,POS,POS,0.9195
47.104_c3,POS,POS,0.9195
47.104_c4,POS,POS,0.9195
47.104_c6,POS,POS,0.9195
47.104_c8,POS,POS,0.9195
47.104_c10,POS,POS,0.9195
47.1862_c1,POS,POS,0.9195
56.2448_c1,POS,POS,0.9195
56.2531_c1,POS,POS,0.9195
64.1289_c1,POS,POS,0.9195
64.1523_c1,POS,POS,0.9195
65.1345_c1,POS,POS,0.9195
65.1345_c2,POS,POS,0.9195
65.1412_c2,POS,POS,0.9195
65.1422_c1,POS,POS,0.9195
65.1422_c2,POS,POS,0.9195
65.1422_c3,POS,POS,0.9195
65.1501_c1,POS,POS,0.9195
65.1501_c2,POS,POS,0.9195
68.1392_c1,POS,POS,0.9195
68.1453_c1,POS,POS,0.9195
68.1474_c1,POS,POS,0.9195
88.1849_c1,POS,POS,0.9195
88.1853_c1,POS,POS,0.9195
88.194_c1,POS,POS,0.9195
89.341_c1,POS,POS,0.9195
89.485_c1,POS,POS,0.9195
94.1313_c1,POS,POS,0.9195
94.1334_c1,POS,POS,0.9195
94.1405_c1,POS,POS,0.9195
94.14_c1,POS,POS,0.9195
95.959_c1,POS,POS,0.9195
95.971_c1,POS,POS,0.9195
96.89_c1,POS,POS,0.9195
105.127_c1,POS,POS,0.9994
105.127_c2,POS,POS,0.987
105.127_c3,POS,POS,0.9997
16.22_c1,POS,POS,0.9985
16.22_c2,POS,POS,0.9989
16.22_c3,POS,POS,0.9996
16.22_c5,POS,POS,0.9995
16.22_c7,NEG,NEG,0.9975
2.338_c1,POS,POS,0.9983
2.338_c2,POS,POS,0.9993
2.437_c1,NEU,NEU,0.5711
2.437_c2,NEG,NEG,0.9987
2.437_c3,POS,POS,0.9997
2.451_c1,POS,POS,0.9983
23.211_c1,NEG,NEG,0.9811
23.211_c2,NEU,NEU,0.9829
24.1285_c1,POS,POS,0.9997
24.1285_c3,NEU,NEU,0.9991
24.1285_c4,NEU,NEU,0.9581
24.1285_c5,NEU,NEU,0.7195
24.1285_c6,POS,POS,0.9646
24.1353_c1,NEU,NEU,0.9587
24.1353_c2,NEU,NEU,0.9173
24.832_c1,POS,POS,0.9996
24.832_c2,POS,POS,0.9997
24.832_c4,NEG,NEG,0.9562
24.895_c1,POS,POS,0.9993
34.651_c2,POS,POS,0.9991
45.123_c1,POS,POS,0.8707
45.123_c3,POS,POS,0.9997
45.123_c4,POS,POS,0.9997
45.123_c5,POS,POS,0.9993
45.123_c7,POS,POS,0.9992
45.1517_c1,NEG,NEG,0.9885
45.1517_c2,NEG,NEG,0.9715
45.1517_c3,NEG,NEG,0.998
45.1517_c4,NEG,NEG,0.9976
45.1517_c6,POS,POS,0.9975
45.1517_c7,NEG,NEG,0.9978
45.1517_c10,NEU,NEU,0.829
45.2034_c1,NEG,NEG,0.9691
45.2034_c2,NEU,NEU,0.4926
45.2034_c3,NEG,NEG,0.8427
45.2034_c4,POS,POS,0.9855
45.2034_c5,NEG,NEG,0.9992
45.2034_c7,POS,POS,0.9969
45.2034_c8,NEG,NEG,0.9993
45.2034_c9,NEG,NEG,0.9552
45.2034_c11,NEG,NEG,0.6632
47.1439_c1,POS,POS,0.9995
47.763_c2,POS,POS,0.9748
47.763_c4,NEG,NEG,0.9985
47.763_c5,NEG,NEG,0.9993
47.763_c6,NEG,NEG,0.9984
47.763_c7,NEG,NEG,0.9987
47.763_c8,POS,POS,0.9987
47.763_c11,NEG,NEG,0.9934
47.763_c13,NEG,NEG,0.9679
54.772_c1,POS,POS,0.9927
54.772_c2,POS,POS,0.9995
54.775_c1,POS,POS,0.8049
54.775_c2,NEG,NEG,0.9973
54.775_c3,POS,POS,0.999
54.903_c1,POS,POS,0.9993
54.903_c2,POS,POS,0.9989
56.228_c2,POS,POS,0.9994
56.228_c3,POS,POS,0.9997
56.2317_c2,POS,POS,0.9984
56.2317_c3,NEU,NEU,0.9984
56.2431_c1,POS,POS,0.9996
56.2431_c2,POS,POS,0.9994
56.2435_c1,NEG,NEG,0.9968
56.2435_c2,NEG,NEG,0.9978
56.2435_c3,NEG,NEG,0.999
56.2435_c5,NEG,NEG,0.9994
56.2435_c6,NEG,NEG,0.9985
56.2687_c1,POS,POS,0.9995
56.2687_c3,POS,POS,0.8755
56.4_c1,POS,POS,0.9997
56.4_c2,POS,POS,0.9994
56.4_c3,POS,POS,0.9988
56.4_c4,POS,POS,0.9986
56.4_c5,POS,POS,0.9997
56.4_c6,POS,POS,0.9826
56.4_c7,POS,POS,0.6194
56.311_c1,POS,POS,0.9995
56.311_c2,POS,POS,0.9994
56.311_c3,POS,POS,0.9997
56.311_c4,POS,POS,0.9997
56.644_c1,POS,POS,0.9988
56.644_c2,POS,POS,0.9995
56.644_c3,POS,POS,0.9984
56.644_c4,POS,POS,0.8439
56.644_c5,POS,POS,0.9998
56.644_c6,NEU,NEU,0.9488
56.644_c7,POS,POS,0.8266
69.1_c1,NEG,NEG,0.5871
69.1_c2,POS,POS,0.9982
69.1_c3,POS,POS,0.9997
69.1_c4,POS,POS,0.9994
69.1_c5,POS,POS,0.9997
69.1_c6,POS,POS,0.9995
69.1_c7,POS,POS,0.9997
69.1_c8,POS,POS,0.9996
69.1_c9,POS,POS,0.9993
69.1_c10,POS,POS,0.9882
69.1_c11,POS,POS,0.9988
69.1_c12,POS,POS,0.9996
69.1_c13,POS,POS,0.9997
84.301_c1,POS,POS,0.9993
84.301_c3,NEU,NEU,0.9986
85.1174_c1,POS,POS,0.9924
85.1174_c2,POS,POS,0.9995
88.1227_c1,POS,POS,0.9993
88.1227_c2,POS,POS,0.9993
88.1227_c3,POS,POS,0.9985
88.1839_c1,POS,POS,0.9994
89.335_c1,POS,POS,0.9954
89.335_c2,POS,POS,0.9994
89.335_c3,NEU,NEU,0.9987
89.8_c1,POS,POS,0.9925
89.8_c2,POS,POS,0.8707
89.8_c3,POS,POS,0.9995
89.8_c4,NEU,NEU,0.9719
89.8_c5,POS,POS,0.9995
89.8_c6,POS,POS,0.9853
89.8_c7,POS,POS,0.9993
89.8_c8,POS,POS,0.9996
89.8_c9,POS,POS,0.9997
89.8_c10,POS,POS,0.9988
89.8_c11,POS,POS,0.9993
89.8_c12,NEU,NEU,0.9991
89.8_c13,POS,POS,0.9993
89.82_c1,POS,POS,0.9997
89.82_c2,POS,POS,0.9991
89.82_c3,POS,POS,0.9964
89.82_c4,POS,POS,0.9994
89.82_c5,POS,POS,0.9982
89.82_c6,POS,POS,0.9986
89.82_c7,NEU,NEU,0.9956
89.82_c8,POS,POS,0.9914
89.82_c9,POS,POS,0.9996
89.82_c10,POS,POS,0.9997
94.1196_c1,POS,POS,0.9993
94.1196_c2,POS,POS,0.9971
94.7_c1,POS,POS,0.9991
94.7_c2,POS,POS,0.9996
94.7_c3,POS,POS,0.9998
94.7_c4,POS,POS,0.9994
94.7_c5,POS,POS,0.6229
94.7_c6,NEU,NEU,0.9933
94.7_c7,POS,POS,0.9997
94.7_c8,POS,POS,0.9982
94.7_c9,POS,POS,0.9996
94.7_c10,POS,POS,0.9995
94.72_c1,POS,POS,0.9979
94.72_c2,POS,POS,0.9917
94.72_c3,POS,POS,0.9996
94.72_c4,POS,POS,0.9995
94.72_c5,POS,POS,0.998
94.72_c6,POS,POS,0.999
94.72_c7,POS,POS,0.9989
96.45_c1,POS,POS,0.9982
99.3_c1,POS,POS,0.9997
99.3_c2,POS,POS,0.9993
99.3_c3,POS,POS,0.9996
99.3_c4,POS,POS,0.9992
99.3_c8,POS,POS,0.9994
99.3_c9,POS,POS,0.9997
99.3_c12,POS,POS,0.9345
6.2004_c1,POS,POS,0.9195
6.2004_c2,POS,POS,0.9195
86.69_c1,POS,POS,0.9195
45.1871_c6,POS,POS,0.9195
45.1871_c8,POS,POS,0.9195
45.1871_c9,POS,POS,0.9195
47.104_c5,POS,POS,0.9195
47.618_c10,POS,POS,0.9195
99.372_c10,POS,POS,0.9195
99.372_c14,POS,POS,0.9195
10.137_c1,POS,POS,0.9898
105.923_c1,POS,POS,0.9995
105.923_c2,POS,POS,0.998
110.146_c1,POS,POS,0.9996
112.503_c1,NEU,NEU,0.5711
114.29_c2,POS,POS,0.9985
114.29_c3,POS,POS,0.9996
116.48_c1,POS,POS,0.9981
12.1285_c1,POS,POS,0.9672
12.1285_c2,POS,POS,0.9992
12.1285_c6,POS,POS,0.9997
12.1285_c7,POS,POS,0.9996
12.7_c2,NEU,NEU,0.9996
12.7_c3,POS,POS,0.9961
12.7_c4,POS,POS,0.9987
12.7_c5,POS,POS,0.9996
12.7_c6,POS,POS,0.9994
12.635_c2,NEG,NEG,0.9851
12.635_c4,POS,POS,0.999
12.635_c5,NEU,NEU,0.5359
12.635_c6,NEU,NEU,0.6501
12.635_c7,POS,POS,0.9997
12.635_c8,NEU,NEU,0.8477
12.635_c9,POS,POS,0.9855
12.635_c10,NEG,NEG,0.9533
12.635_c11,POS,POS,0.9994
12.701_c2,POS,POS,0.999
12.701_c3,POS,POS,0.9992
12.701_c4,POS,POS,0.9997
14.1285_c1,POS,POS,0.9672
14.1285_c2,POS,POS,0.9992
14.1285_c3,POS,POS,0.9998
14.1285_c5,POS,POS,0.9997
14.1285_c6,POS,POS,0.9997
14.1285_c7,POS,POS,0.9996
20.944_c1,POS,POS,0.9995
21.429_c1,POS,POS,0.9975
24.2944_c2,POS,POS,0.9995
24.2944_c3,POS,POS,0.9995
24.579_c1,POS,POS,0.9991
24.579_c2,POS,POS,0.9997
24.579_c3,POS,POS,0.9995
24.579_c4,NEU,NEU,0.9994
24.579_c5,POS,POS,0.9995
24.579_c6,POS,POS,0.9997
24.579_c8,POS,POS,0.9998
27.492_c1,NEG,NEG,0.999
27.492_c2,NEG,NEG,0.9934
27.492_c3,NEU,NEU,0.9344
27.492_c4,NEU,NEU,0.9953
27.492_c5,POS,POS,0.9953
27.492_c6,NEG,NEG,0.5086
27.492_c7,POS,POS,0.5152
28.1642_c1,POS,POS,0.9972
28.1642_c2,POS,POS,0.9989
28.1642_c3,POS,POS,0.8683
28.926_c2,POS,POS,0.9994
33.298_c1,POS,POS,0.9993
33.298_c2,NEU,NEU,0.9941
34.15_c1,NEU,NEU,0.8789
34.15_c3,POS,POS,0.9995
34.15_c4,POS,POS,0.9995
34.15_c6,NEU,NEU,0.6975
34.15_c7,NEU,NEU,0.8324
34.15_c9,POS,POS,0.9185
34.15_c10,POS,POS,0.9992
34.15_c12,POS,POS,0.9998
45.47_c1,POS,POS,0.9997
45.47_c2,POS,POS,0.789
45.47_c3,NEG,NEG,0.4328
45.47_c4,POS,POS,0.986
56.1956_c1,POS,POS,0.9085
56.1956_c2,NEU,NEU,0.9937
6.123_c1,POS,POS,0.9938
6.123_c6,POS,POS,0.9996
6.123_c7,POS,POS,0.9996
6.123_c10,POS,POS,0.9997
6.1788_c1,POS,POS,0.9989
6.1959_c1,POS,POS,0.9989
62.1515_c1,POS,POS,0.9569
63.1032_c1,NEU,NEU,0.7046
63.144_c1,POS,POS,0.9996
63.1454_c1,POS,POS,0.9569
63.1454_c2,POS,POS,0.9183
63.1454_c3,NEU,NEU,0.9346
65.1123_c1,NEU,NEU,0.5981
67.2815_c1,POS,POS,0.9932
67.2815_c2,NEG,NEG,0.9732
69.1955_c1,POS,POS,0.9997
7.208_c1,POS,POS,0.9997
7.208_c3,POS,POS,0.9989
7.208_c4,POS,POS,0.9987
7.208_c5,NEU,NEU,0.9997
7.208_c6,POS,POS,0.9996
7.208_c7,POS,POS,0.9997
7.208_c9,POS,POS,0.9997
7.208_c11,POS,POS,0.9993
7.208_c12,POS,POS,0.9996
7.208_c13,POS,POS,0.9996
70.1607_c2,POS,POS,0.9993
70.2222_c1,POS,POS,0.9996
70.2222_c2,POS,POS,0.999
70.2222_c3,POS,POS,0.9978
70.2691_c1,NEU,NEU,0.9965
70.2691_c2,POS,POS,0.749
70.749_c1,POS,POS,0.5783
70.749_c3,POS,POS,0.9998
70.98_c1,POS,POS,0.7933
70.98_c2,NEU,NEU,0.9047
70.98_c4,POS,POS,0.9997
70.98_c7,POS,POS,0.9585
70.98_c8,POS,POS,0.9955
70.98_c9,POS,POS,0.9822
70.98_c10,POS,POS,0.9395
70.98_c11,POS,POS,0.9996
72.614_c1,NEG,NEG,0.9995
74.1482_c2,NEU,NEU,0.9922
74.1482_c3,POS,POS,0.5189
74.1694_c1,NEG,NEG,0.9927
74.1694_c2,NEG,NEG,0.9984
74.1694_c3,NEG,NEG,0.9973
74.1694_c5,NEG,NEG,0.9958
74.1694_c6,NEG,NEG,0.9833
74.1694_c9,NEG,NEG,0.9992
74.1694_c10,NEG,NEG,0.9408
74.1694_c11,NEG,NEG,0.9989
74.1694_c12,NEG,NEG,0.9994
74.262_c1,POS,POS,0.9866
74.262_c2,POS,POS,0.8707
74.262_c3,POS,POS,0.9997
74.262_c4,POS,POS,0.9993
74.262_c5,POS,POS,0.9996
74.262_c6,POS,POS,0.9992
74.262_c9,POS,POS,0.9995
74.262_c10,POS,POS,0.9994
74.927_c1,POS,POS,0.976
74.927_c2,POS,POS,0.9995
74.927_c4,POS,POS,0.8159
74.927_c5,POS,POS,0.9971
74.927_c6,NEG,NEG,0.5441
74.927_c7,POS,POS,0.9974
74.927_c8,POS,POS,0.984
74.927_c9,POS,POS,0.9991
74.927_c11,NEG,NEG,0.9985
76.29_c1,POS,POS,0.8707
76.29_c3,POS,POS,0.9996
76.29_c4,POS,POS,0.9996
76.29_c5,NEG,NEG,0.9951
76.29_c6,POS,POS,0.9994
76.29_c7,POS,POS,0.9985
76.29_c9,POS,POS,0.9996
78.1076_c1,NEU,NEU,0.765
78.1076_c4,POS,POS,0.9995
78.12_c1,POS,POS,0.9982
78.12_c2,NEU,NEU,0.7959
78.12_c3,POS,POS,0.9997
78.12_c6,POS,POS,0.9975
78.12_c7,POS,POS,0.9966
78.12_c9,POS,POS,0.9956
78.12_c10,NEU,NEU,0.8465
78.12_c11,POS,POS,0.9968
78.12_c12,POS,POS,0.9548
78.1243_c2,POS,POS,0.9993
78.17_c7,NEG,NEG,0.9793
78.176_c1,POS,POS,0.7627
78.176_c2,POS,POS,0.9653
78.176_c3,POS,POS,0.9857
78.611_c1,POS,POS,0.9952
78.611_c2,POS,POS,0.9997
78.656_c4,NEG,NEG,0.8124
78.656_c6,NEG,NEG,0.8678
78.742_c1,POS,POS,0.9818
78.742_c3,NEG,NEG,0.999
78.742_c4,NEG,NEG,0.9297
78.963_c1,POS,POS,0.9579
78.97_c1,POS,POS,0.9997
8.1_c1,POS,POS,0.9996
8.1_c2,POS,POS,0.9436
8.1_c3,POS,POS,0.9996
8.1_c4,NEU,NEU,0.8786
8.1_c5,POS,POS,0.951
8.1_c6,NEU,NEU,0.9175
8.1_c7,POS,POS,0.9996
8.1_c8,POS,POS,0.9997
8.1_c9,POS,POS,0.9994
8.1_c10,POS,POS,0.9996
81.89_c1,POS,POS,0.9991
81.89_c2,POS,POS,0.9992
81.89_c3,POS,POS,0.9996
85.392_c1,POS,POS,0.9992
85.392_c2,POS,POS,0.9996
85.392_c3,POS,POS,0.9993
86.21_c2,POS,POS,0.9998
86.21_c3,POS,POS,0.9377
87.924_c1,POS,POS,0.8836
88.1575_c1,POS,POS,0.9997
88.167_c1,NEU,NEU,0.9795
88.167_c2,POS,POS,0.9823
88.167_c3,POS,POS,0.5884
88.167_c4,POS,POS,0.9971
88.167_c5,POS,POS,0.9994
88.167_c6,POS,POS,0.9996
88.167_c7,POS,POS,0.9993
88.167_c8,POS,POS,0.9995
88.167_c9,NEU,NEU,0.951
88.167_c10,POS,POS,0.994
95.1058_c1,POS,POS,0.9822
95.382_c1,NEG,NEG,0.9989
95.382_c2,NEG,NEG,0.9983
95.382_c3,NEG,NEG,0.9962
95.382_c4,NEG,NEG,0.5274
95.382_c5,POS,POS,0.7858
95.382_c6,POS,POS,0.953
95.382_c7,NEG,NEG,0.9954
24.2353_c1,POS,POS,0.9195
24.278_c1,POS,POS,0.9195
24.278_c2,POS,POS,0.9195
24.278_c3,POS,POS,0.9195
24.278_c4,POS,POS,0.9195
24.278_c5,POS,POS,0.9195
24.278_c6,POS,POS,0.9195
24.278_c7,POS,POS,0.9195
24.278_c8,POS,POS,0.9195
24.278_c9,POS,POS,0.9195
67.92_c1,POS,POS,0.9195
12.33_c9,POS,POS,0.9195
14.33_c9,POS,POS,0.9195
18.268_c1,POS,POS,0.9195
18.268_c2,POS,POS,0.9195
18.268_c3,POS,POS,0.9195
18.268_c4,POS,POS,0.9195
18.268_c5,POS,POS,0.9195
18.268_c6,POS,POS,0.9195
18.268_c7,POS,POS,0.9195
18.268_c8,POS,POS,0.9195
18.268_c9,POS,POS,0.9195
43.53_c1,POS,POS,0.9195
43.53_c2,POS,POS,0.9195
43.53_c3,POS,POS,0.9195
43.53_c4,POS,POS,0.9195
43.53_c5,POS,POS,0.9195
43.53_c6,POS,POS,0.9195
43.53_c7,POS,POS,0.9195
43.53_c8,POS,POS,0.9195
43.53_c9,POS,POS,0.9195
43.53_c10,POS,POS,0.9195
43.53_c11,POS,POS,0.9195
43.53_c12,POS,POS,0.9195
67.49_c5,POS,POS,0.9195
67.49_c6,POS,POS,0.9195
67.49_c7,POS,POS,0.9195
67.49_c8,POS,POS,0.9195
67.49_c9,POS,POS,0.9195
67.49_c10,POS,POS,0.9195
67.49_c11,POS,POS,0.9195
67.49_c12,POS,POS,0.9195
67.49_c13,POS,POS,0.9195
67.49_c14,POS,POS,0.9195
67.49_c15,POS,POS,0.9195
67.49_c16,POS,POS,0.9195
74.717_c2,POS,POS,0.9195
74.717_c3,POS,POS,0.9195
74.717_c4,POS,POS,0.9195
74.717_c5,POS,POS,0.9195
88.447_c1,POS,POS,0.9195
88.447_c2,POS,POS,0.9195
25.228_c1,POS,POS,0.9195
28.1278_c1,POS,POS,0.9195
28.1278_c2,POS,POS,0.9195
28.1278_c3,POS,POS,0.9195
68.1471_c1,POS,POS,0.9195
84.452_c1,POS,POS,0.9195
89.572_c1,POS,POS,0.9195
89.7_c1,POS,POS,0.9195
24.61_c2,NEU,NEU,0.6237
24.61_c3,POS,POS,0.9997
24.61_c4,POS,POS,0.9873
24.61_c7,POS,POS,0.9943
56.2598_c1,NEG,NEG,0.9381
56.2598_c2,NEU,NEU,0.9872
68.1311_c2,POS,POS,0.9995
68.1311_c3,POS,POS,0.9998
90.89_c1,POS,POS,0.9997
6.1994_c1,POS,POS,0.9195
6.1994_c2,POS,POS,0.9195
6.1994_c3,POS,POS,0.9195
6.1994_c4,POS,POS,0.9195
6.1994_c5,POS,POS,0.9195
6.1994_c6,POS,POS,0.9195
6.1994_c7,POS,POS,0.9195
6.1994_c8,POS,POS,0.9195
6.1994_c9,POS,POS,0.9195
105.1052_c1,POS,POS,0.9993
105.1098_c1,POS,POS,0.9982
105.1098_c2,POS,POS,0.9988
105.1098_c3,POS,POS,0.9995
105.1098_c5,POS,POS,0.9991
105.1098_c6,POS,POS,0.9996
105.1098_c8,POS,POS,0.9996
105.1098_c10,POS,POS,0.9996
105.1098_c13,POS,POS,0.9997
105.1098_c14,POS,POS,0.9996
112.367_c1,POS,POS,0.9977
112.379_c1,POS,POS,0.9996
12.1346_c3,NEU,NEU,0.9997
12.1346_c4,POS,POS,0.9997
12.1346_c5,POS,POS,0.9997
12.1346_c6,POS,POS,0.9996
12.792_c1,POS,POS,0.9991
12.849_c2,NEU,NEU,0.9921
12.86_c1,POS,POS,0.9996
12.86_c2,POS,POS,0.9995
12.86_c6,POS,POS,0.9997
14.1346_c3,NEU,NEU,0.9997
14.1346_c4,POS,POS,0.9997
14.1346_c5,POS,POS,0.9997
14.1346_c6,POS,POS,0.9996
18.535_c1,POS,POS,0.9964
20.977_c1,POS,POS,0.9997
20.977_c3,NEG,NEG,0.9857
20.977_c4,POS,POS,0.9983
20.977_c5,NEG,NEG,0.9823
20.977_c7,NEU,NEU,0.8814
20.977_c8,POS,POS,0.7862
20.977_c9,POS,POS,0.9987
20.977_c10,NEG,NEG,0.9976
21.222_c1,POS,POS,0.9968
21.339_c1,POS,POS,0.9936
24.174_c1,POS,POS,0.9991
24.174_c2,POS,POS,0.9993
24.174_c3,POS,POS,0.9994
24.174_c4,POS,POS,0.9879
24.174_c5,POS,POS,0.999
24.174_c6,POS,POS,0.9996
24.174_c7,POS,POS,0.9997
24.174_c8,POS,POS,0.9978
25.98_c1,POS,POS,0.9994
25.98_c2,NEU,NEU,0.8332
28.2556_c1,POS,POS,0.9978
31.194_c1,POS,POS,0.9997
31.194_c2,POS,POS,0.9983
31.194_c3,POS,POS,0.9995
31.194_c4,POS,POS,0.9994
31.194_c5,POS,POS,0.9997
31.194_c6,POS,POS,0.9982
31.194_c7,POS,POS,0.9994
31.194_c8,POS,POS,0.9991
31.194_c9,POS,POS,0.9997
34.427_c1,POS,POS,0.9941
34.483_c1,POS,POS,0.9993
35.86_c1,POS,POS,0.9997
35.86_c2,POS,POS,0.9995
35.86_c3,POS,POS,0.9994
35.86_c4,POS,POS,0.9993
35.86_c5,POS,POS,0.9387
35.86_c6,POS,POS,0.9987
35.86_c7,POS,POS,0.9974
35.86_c9,POS,POS,0.9997
47.2151_c1,NEG,NEG,0.9995
56.1943_c1,POS,POS,0.9979
56.1943_c2,POS,POS,0.9987
56.2942_c1,POS,POS,0.9997
56.2942_c2,NEU,NEU,0.9968
56.2972_c1,POS,POS,0.9992
59.372_c1,POS,POS,0.9992
62.53_c1,POS,POS,0.9989
62.53_c2,POS,POS,0.9997
63.759_c1,POS,POS,0.9984
63.759_c2,POS,POS,0.9995
64.1286_c1,NEG,NEG,0.9982
65.1077_c1,NEU,NEU,0.9125
68.897_c1,POS,POS,0.999
68.897_c2,NEG,NEG,0.8635
69.1892_c1,POS,POS,0.9653
69.1892_c2,POS,POS,0.9928
7.861_c1,POS,POS,0.9995
7.861_c3,POS,POS,0.9679
70.1079_c2,POS,POS,0.9948
70.1079_c3,POS,POS,0.9832
70.1933_c1,POS,POS,0.999
70.1933_c2,POS,POS,0.9976
70.1933_c3,POS,POS,0.9984
70.1933_c4,NEG,NEG,0.9988
70.1933_c5,NEG,NEG,0.5224
71.1107_c1,POS,POS,0.9816
71.1107_c2,POS,POS,0.9267
71.1107_c3,POS,POS,0.9256
71.1107_c4,POS,POS,0.9784
74.186_c1,POS,POS,0.9356
74.186_c3,NEG,NEG,0.9664
74.186_c4,NEG,NEG,0.9744
74.186_c5,NEU,NEU,0.6534
74.186_c7,NEG,NEG,0.9281
74.186_c10,NEG,NEG,0.9988
74.2771_c2,POS,POS,0.9027
75.655_c1,NEG,NEG,0.9985
75.655_c3,NEG,NEG,0.7509
75.655_c4,NEG,NEG,0.9994
75.655_c6,NEG,NEG,0.9943
75.655_c9,NEG,NEG,0.9993
77.34_c1,POS,POS,0.9983
78.71_c2,POS,POS,0.9995
78.71_c3,POS,POS,0.9989
79.264_c2,POS,POS,0.9838
80.196_c1,NEG,NEG,0.98
83.31_c1,POS,POS,0.9931
83.34_c2,NEG,NEG,0.8081
83.34_c3,NEU,NEU,0.9968
83.34_c4,POS,POS,0.9994
83.34_c5,NEG,NEG,0.9962
83.34_c6,NEG,NEG,0.9291
83.34_c7,POS,POS,0.991
83.34_c8,POS,POS,0.999
84.2_c1,POS,POS,0.9996
84.2_c2,POS,POS,0.9997
84.2_c3,POS,POS,0.9996
84.2_c4,POS,POS,0.9996
84.2_c5,POS,POS,0.9998
84.2_c6,POS,POS,0.9996
84.2_c7,POS,POS,0.9916
84.2_c8,POS,POS,0.9996
85.852_c1,POS,POS,0.9982
85.876_c1,NEU,NEU,0.9973
88.1775_c1,POS,POS,0.9878
88.2294_c1,NEU,NEU,0.9765
88.2294_c2,POS,POS,0.9997
88.2294_c3,POS,POS,0.9994
88.25_c1,POS,POS,0.9997
88.25_c2,POS,POS,0.9997
88.25_c3,POS,POS,0.9994
88.25_c4,POS,POS,0.9997
88.25_c5,POS,POS,0.9996
88.25_c6,NEU,NEU,0.5834
88.25_c7,POS,POS,0.9996
88.25_c8,POS,POS,0.9996
88.25_c9,POS,POS,0.9995
95.498_c1,NEG,NEG,0.7048
95.498_c2,NEG,NEG,0.999
95.498_c3,NEG,NEG,0.9964
95.498_c4,NEG,NEG,0.9994
95.498_c5,NEG,NEG,0.9984
95.498_c6,NEU,NEU,0.6283
95.498_c7,NEG,NEG,0.9991
95.498_c8,NEU,NEU,0.9967
95.498_c9,NEG,NEG,0.9994
95.498_c10,NEG,NEG,0.9974
95.575_c1,POS,POS,0.9998
95.575_c2,NEG,NEG,0.9708
95.685_c1,POS,POS,0.9997
99.47_c1,POS,POS,0.9994
99.47_c3,POS,POS,0.9996
99.47_c4,POS,POS,0.9978
99.47_c5,POS,POS,0.9983
24.285_c1,POS,POS,0.9195
24.285_c2,POS,POS,0.9195
24.285_c3,POS,POS,0.9195
24.285_c4,POS,POS,0.9195
24.285_c5,POS,POS,0.9195
28.1059_c1,POS,POS,0.9195
6.1985_c1,POS,POS,0.9195
6.1985_c2,POS,POS,0.9195
6.1985_c3,POS,POS,0.9195
6.1985_c4,POS,POS,0.9195
6.1985_c5,POS,POS,0.9195
6.1985_c6,POS,POS,0.9195
6.1985_c7,POS,POS,0.9195
6.1985_c8,POS,POS,0.9195
6.1985_c9,POS,POS,0.9195
6.1985_c10,POS,POS,0.9195
6.1985_c11,POS,POS,0.9195
65.1331_c1,POS,POS,0.9195
65.1331_c2,POS,POS,0.9195
65.1331_c3,POS,POS,0.9195
65.1331_c4,POS,POS,0.9195
65.1331_c5,POS,POS,0.9195
65.1331_c6,POS,POS,0.9195
65.1331_c7,POS,POS,0.9195
65.1331_c8,POS,POS,0.9195
65.1331_c9,POS,POS,0.9195
65.1331_c10,POS,POS,0.9195
65.1442_c1,POS,POS,0.9195
65.1779_c1,POS,POS,0.9195
68.1294_c1,POS,POS,0.9195
71.1757_c1,POS,POS,0.9195
87.1136_c1,POS,POS,0.9195
87.1136_c2,POS,POS,0.9195
87.1136_c3,POS,POS,0.9195
87.1136_c4,POS,POS,0.9195
87.1136_c5,POS,POS,0.9195
87.1136_c6,POS,POS,0.9195
87.1136_c7,POS,POS,0.9195
87.1136_c8,POS,POS,0.9195
87.1136_c9,POS,POS,0.9195
87.1179_c1,POS,POS,0.9195
12.1346_c8,POS,POS,0.9195
12.1346_c9,POS,POS,0.9195
12.86_c9,POS,POS,0.9195
14.1346_c8,POS,POS,0.9195
14.1346_c9,POS,POS,0.9195
27.987_c1,POS,POS,0.9195
27.987_c2,POS,POS,0.9195
45.2838_c1,POS,POS,0.9195
7.258_c2,POS,POS,0.9195
34.707_c1,POS,POS,0.9195
54.863_c1,POS,POS,0.9195
65.1488_c1,POS,POS,0.9195
67.2115_c3,POS,POS,0.9195
67.2115_c4,POS,POS,0.9195
67.2115_c5,POS,POS,0.9195
89.593_c1,POS,POS,0.9195
90.3_c1,POS,POS,0.9195
90.3_c2,POS,POS,0.9195
90.3_c3,POS,POS,0.9195
90.3_c4,POS,POS,0.9195
90.3_c6,POS,POS,0.9195
90.3_c7,POS,POS,0.9195
90.3_c8,POS,POS,0.9195
16.63_c1,POS,POS,0.9978
16.63_c2,POS,POS,0.9989
2.199_c1,POS,POS,0.9806
2.199_c2,POS,POS,0.9996
25.14_c1,POS,POS,0.9993
25.14_c2,POS,POS,0.9005
25.14_c3,NEU,NEU,0.9985
27.1009_c1,POS,POS,0.997
29.126_c2,POS,POS,0.9988
29.126_c3,POS,POS,0.9993
45.711_c2,POS,POS,0.9997
45.711_c3,POS,POS,0.9993
45.711_c4,POS,POS,0.9994
45.711_c5,POS,POS,0.9996
45.711_c6,POS,POS,0.9994
45.711_c8,POS,POS,0.9997
45.711_c10,POS,POS,0.9994
7.17_c1,POS,POS,0.8707
7.17_c2,POS,POS,0.9925
7.17_c3,POS,POS,0.9954
7.17_c4,POS,POS,0.999
7.17_c5,POS,POS,0.9994
7.17_c6,POS,POS,0.9994
74.288_c1,POS,POS,0.9987
88.1258_c1,POS,POS,0.9997
88.1258_c2,POS,POS,0.9993
88.1258_c3,POS,POS,0.9996
88.2565_c1,POS,POS,0.9936
88.2565_c2,POS,POS,0.9996
88.2565_c3,POS,POS,0.9993
90.3_c5,POS,POS,0.9195
94.595_c1,POS,POS,0.9195
94.595_c2,POS,POS,0.9195
94.595_c3,POS,POS,0.9195
94.595_c4,POS,POS,0.9195
94.595_c5,POS,POS,0.9195
94.595_c6,POS,POS,0.9195
94.595_c7,POS,POS,0.9195
94.595_c8,POS,POS,0.9195
94.595_c9,POS,POS,0.9195
94.595_c10,POS,POS,0.9195
94.595_c11,POS,POS,0.9195
